{
  "val": {
    "rmse": 25.343921661376953,
    "mae": 16.52219581604004,
    "r2": 0.7412135004997253
  },
  "test": {
    "rmse": 51.84848403930664,
    "mae": 33.915706634521484,
    "r2": 0.03173261880874634
  },
  "n_train": 392,
  "n_val": 112,
  "n_test": 57
}